{"cameraMode":{"drawMode":0,"name":"Shaded","section":"Shading Mode"},"sceneLighting":true,"audioPlay":false,"sceneViewState":{"m_AlwaysRefresh":false,"showFog":true,"showSkybox":true,"showFlares":true,"showImageEffects":true,"showParticleSystems":true,"showVisualEffectGraphs":true,"m_FxEnabled":true},"in2DMode":false,"pivot":{"x":-10.783075332641602,"y":1.4821863174438477,"z":-6.827627182006836},"rotation":{"x":0.0014639903092756868,"y":-0.9913477301597595,"z":0.13101625442504884,"w":0.011013532988727093},"size":11.558751106262207,"orthographic":false}