{"cameraMode":{"drawMode":0,"name":"Shaded","section":"Shading Mode"},"sceneLighting":true,"audioPlay":false,"sceneViewState":{"m_AlwaysRefresh":false,"showFog":true,"showSkybox":true,"showFlares":true,"showImageEffects":true,"showParticleSystems":true,"showVisualEffectGraphs":true,"m_FxEnabled":true},"in2DMode":false,"pivot":{"x":-8.940696716308594e-8,"y":-2.9802322387695315e-8,"z":-0.0000020265579223632814},"rotation":{"x":0.0014639903092756868,"y":-0.9913477301597595,"z":0.13101625442504884,"w":0.011013532988727093},"size":0.8660309314727783,"orthographic":false}